np,records,t_serial,t_parallel,t_scatter,t_compute,t_reduce,t_allreduce,t_gather,t_bcast,t_comm,speedup,efficiency
1,82332,0.016969,0.044402,0.028323,0.016030,0.000010,0.000001,0.000001,0.000000,0.028335,0.3822,0.3822
2,82332,0.033313,0.068503,0.085232,0.015799,0.001719,0.000036,0.000013,0.000002,0.087002,0.4863,0.2431
3,82332,0.020483,0.062837,0.052152,0.015415,0.010351,0.027106,0.000018,0.000031,0.089658,0.3260,0.1087
4,82332,0.033230,0.044674,0.065636,0.013329,0.004002,0.011299,0.000015,0.000079,0.081031,0.7438,0.1860
5,82332,0.036810,0.044293,0.076905,0.005903,0.013555,0.008824,0.000014,0.000073,0.099370,0.8311,0.1662
6,82332,0.034533,0.044630,0.070143,0.002977,0.026813,0.018002,0.000050,0.000056,0.115064,0.7738,0.1290
4,82332,0.032392,0.047087,0.069910,0.012434,0.007532,0.014197,0.000007,0.000037,0.091683,0.6879,0.1720
